{"mnist": {"avg_loss": 0.23647978897995198, "avg_acc": 0.9215000000000001}, "cifar10": {"avg_loss": 0.6278884534947574, "avg_acc": 0.786}, "oxford_iit_pet": {"avg_loss": 0.6340722179011724, "avg_acc": 0.8029435813573181}}