{"mnist": {"avg_loss": 0.34626174865299836, "avg_acc": 0.8957}, "cifar10": {"avg_loss": 0.6860384027116466, "avg_acc": 0.7679}, "oxford_iit_pet": {"avg_loss": 0.4278949719152034, "avg_acc": 0.866721177432543}}